序号,代码,简称,事件类型,具体事项,交易日
1,000421,南京公用,资产重组,公司授权南京中北盛业房地产开发有限公司于2025年9月30日参与南京市江宁区NO.2025G71地块的土地使用权竞拍;于2025年10月11日参与南京市建邺区NO.2025G72地块的土地使用权竞拍。,2025-10-14
2,000710,贝瑞基因,资产重组,"本次司法拍卖的13,385,075股公司股份已过户完成,侯颖女士被动减持本公司股份13,385,075股,其余400,000股股份流拍,流拍股份将依据成渝金融法院后续裁定进行处置。公司于近日收到控股股东之一致行动人侯颖女士通知并通过司法拍卖网络平台查询获悉,侯颖女士持有的公司股份将由成渝金融法院于2025年9月11日10:00时起至2025年9月12日10:00时止(即24小时,延时除外)在淘宝网司法拍卖网络平台上进行公开拍卖活动,拍卖标的为侯颖女士持有的公司400,000股股票,本次拍卖起拍价以2025年9月10日前二十个交易日的收盘价均价下浮10%确定。公司通过查询淘宝网司法拍卖网络平台得知,侯颖女士持有的400,000股公司股份最终因在规定时间内无人出价已流拍。",2025-10-14
3,000712,锦龙股份,资产重组,"广东锦龙发展股份有限公司接到控股股东东莞市新世纪科教拓展有限公司函告,获悉新世纪公司所持有的公司3000万股股份(占公司总股本比例3.35%)将被司法拍卖。上述股权已被陈瑞岳、成都金耀壹号企业管理合伙企业(有限合伙)、王梅耳、史幼君竞买成功。",2025-10-14
4,000785,居然智家,资产重组,"2025年7月27日,上市公司原实际控制人汪林朋先生逝世。汪林朋先生直接持有上市公司372,049,824股股份,占上市公司总股本的5.97%;同时,汪林朋先生直接或者间接持有居然控股94.02%股权(即汪林朋先生直接持有居然控股16.7003%股权;汪林朋先生持有致达建材100%股权,致达建材持有居然控股4.5935%股权;汪林朋先生持有中天基业100%股权,中天基业持有居然控股69.6190%股权,中天基业持有华联综艺99.1736%股权,华联综艺持有居然控股3.1308%股权),居然控股直接持有上市公司1,648,466,346股股份,占上市公司总股本的26.47%,慧鑫达建材直接持有上市公司715,104,702股股份,占上市公司总股本的11.48%,即汪林朋先生合计控制上市公司2,735,620,872股股份,占上市公司总股本的43.93%。根据《公证书》,被继承人汪林朋先生直接持有上市公司372,049,824股股份、居然控股16.7003%股权、中天基业100%股权、致达建材100%股权等财产,前述财产的一半为被继承人汪林朋先生的遗产,鉴于被继承人汪林朋先生的其他法定继承人均表示自愿放弃被继承人汪林朋先生的前述遗产,因此,被继承人汪林朋先生的前述遗产由其配偶杨芳女士继承。",2025-10-14
5,000980,众泰汽车,资产重组,"众泰汽车股份有限公司参考邀请招标方式进行比价寻找意向交易方,出售全资子公司浙江深康车身汽车模具有限公司部分闲置生产线及设备等固定资产。经过比价,公司确定意向交易方为深圳立迅实业有限公司。本次拟处置资产中标金额总计3060万元(含税)。转让价款由众泰汽车代付,用于冲抵众泰汽车对立迅实业的债务。",2025-10-14
6,000998,隆平高科,资产重组,"为增强袁隆平农业高科技股份有限公司在玉米产业的综合竞争力,满足公司子公司北京联创种业有限公司发展需要,联创种业拟增资扩股引入战略投资者中国中信金融资产管理股份有限公司、现代种业发展基金有限公司、湖南湘鑫中垦股权投资合伙企业(有限合伙)、太平(深圳)乡村振兴私募股权投资基金合伙企业(有限合伙)4家机构。中信金融资产、现代种业基金、中垦基金、太平乡村振兴基金分别以人民币40,000.0000万元、20,000.0000万元、12,000.0000万元、8,000.0000万元的价格认购联创种业594.3765万元、297.1882万元、178.3129万元、118.8753万元注册资本,分别取得联创种业增资后5.0312%、2.5156%、1.5094%、1.0062%股份,剩余溢价部分均计入联创种业资本公积。",2025-10-14
7,000998,隆平高科,资产重组,"袁隆平农业高科技股份有限公司于2025年10月10日召开第九届董事会第二十二次(临时)会议,审议通过了《关于受让北京联创种业有限公司剩余股权的议案》,同意公司以71,503.5000万元受让北京联创种业有限公司7位自然人股东合计持有的联创种业10%股权。",2025-10-14
8,001206,依依股份,资产收购,天津市依依卫生用品股份有限公司(以下简称“公司”或“上市公司”)正在筹划发行股份及支付现金购买资产并募集配套资金事项。,2025-10-14
9,001206,依依股份,资产重组,天津市依依卫生用品股份有限公司(以下简称“公司”或“上市公司”)正在筹划发行股份及支付现金购买资产并募集配套资金事项。,2025-10-14
10,001277,速达股份,资产重组,"郑州速达工业机械服务股份有限公司(以下简称“公司”)为开拓海外业务,根据公司整体战略规划,计划以自有资金于中国香港设立全资子公司作为公司境外投资的持股公司(以下简称“香港公司”),再由香港公司在澳大利亚设立全资子公司(以下简称“澳洲公司”),主要从事工业机械设备,尤其是煤机、工程机械设备备件及后市场运维服务。",2025-10-14
11,002100,天康生物,对外担保,自公司2025年第二次临时股东大会会议审议通过后公司子公司为供应商及客户提供担保,2025-10-14
12,002120,韵达股份,股份质押,"公司股东上海罗颉思投资管理有限公司将持有的本公司股份3000万股质押给西藏信托有限公司,质押起始日2025/10/10至办理解除质押登记手续之日并于2025年10月10日办理质押登记手续。",2025-10-14
13,002135,东南网架,对外担保,"2、公司因全资子公司浙江东南碳中和科技有限公司(以下简称“东南碳中和”)生产经营发展需要,近日与中国银行股份有限公司萧山分行(以下简称“中国银行萧山分行”)签署了《最高额保证合同》,同意为全资子公司东南碳中和与债权人中国银行萧山分行办理各类融资业务所发生的债权债务提供保证担保,本次保证担保的最高本金余额为人民币3,500万元整。",2025-10-14
14,002135,东南网架,对外担保,"1、浙江东南网架股份有限公司(以下简称“公司”)因全资子公司浙江东南钢制品有限公司(以下简称“东南钢制品”)生产经营发展需要,近日与浙江萧山农村商业银行股份有限公司(以下简称“萧山农商行”)签署了《最高额保证合同》,同意为全资子公司东南钢制品与债权人萧山农商行办理各类融资业务所发生的债权债务提供保证担保,本次保证担保的最高融资限额为人民币7,000万元整。",2025-10-14
15,002153,石基信息,资产重组,"北京中长石基信息技术股份有限公司拟通过发行股份的方式向上海云鑫创业投资有限公司、张育宏和张伟3名交易对方购买其持有的深圳市思迅软件股份有限公司13.50%股份(对应思迅软件14,312,500股)。",2025-10-14
16,002153,石基信息,资产收购,"北京中长石基信息技术股份有限公司拟通过发行股份的方式向上海云鑫创业投资有限公司、张育宏和张伟3名交易对方购买其持有的深圳市思迅软件股份有限公司13.50%股份(对应思迅软件14,312,500股)。",2025-10-14
17,002176,江特电机,对外担保,"近日,公司与某银行宜春分行签订了《最高额保证合同》。",2025-10-14
18,002202,金风科技,对外担保,"金风科技签署两份《母公司担保协议》,为金风国际及金风新能源南非在上述《风电场建设协议》、《风电场长期服务协议》项下的履约及违约赔偿责任分别提供担保。担保金额折合人民币分别不超过1,322,821,514元、76,363,393元。",2025-10-14
19,002208,合肥城建,对外担保,"公司控股孙公司合肥庐阳金融城投资发展有限公司(以下简称“庐阳金融城”)拟向银行申请2亿元项目贷款,公司为上述贷款提供连带责任保证担保,庐阳金融城参股股东合肥庐阳科技创新集团有限公司以其持有的49%庐阳金融城股权向公司提供反担保。",2025-10-14
20,002331,皖通科技,对外担保,"安徽皖通科技股份有限公司(以下简称“公司”)的控股子公司安徽汉高信息科技有限公司(以下简称“汉高信息”)因经营周转需要,现拟向交通银行股份有限公司安徽省分行申请综合授信1,000万元,综合授信期限为壹年。",2025-10-14
21,002331,皖通科技,对外担保,"公司为汉高信息拟向中国邮政储蓄银行股份有限公司合肥市分行申请的1,000万元银行综合授信中的510万元提供担保,并对其到期偿付承担连带责任。截至本公告日,该担保行为尚未签订相关协议。",2025-10-14
22,002343,慈文传媒,资产重组,"公司通过查询淘宝网司法拍卖网络平台获悉,公司持股5%以上股东马中骏先生所持公司的3,000,000股股份将被司法拍卖。",2025-10-14
23,002370,亚太药业,资产重组,"2025年10月13日,公司与一级全资子公司武汉光谷亚太药业有限公司签署了《股权转让协议》,光谷亚太药业将其持有的绍兴雅泰医药科技有限公司100%股权转让给亚太药业,雅泰医药目前净资产为负,本次股权转让价格为1元。上述股权转让完成后,雅泰医药由公司二级全资子公司变更为一级全资子公司。为优化企业组织架构,提高公司营运管理效率,公司拟注销绍兴雅泰医药科技有限公司,并申请授权管理层或其授权人员办理本次子公司注销的相关事宜。",2025-10-14
24,002370,亚太药业,资产重组,"2025年10月13日,公司控股股东宁波富邦控股集团有限公司及一致行动人上海汉贵投资管理有限公司与浙江星浩控股合伙企业(有限合伙)及一致行动人浙江星宸股权投资合伙企业(有限合伙)签署了《股份转让协议》。富邦集团和汉贵投资拟通过协议转让方式转让公司14.61%股份,共计108,945,566股。转让价格为8.26元/股,合计总金额为90,000.00万元。其中:星浩控股受让富邦集团持有的上市公司60,525,314股股份;星宸投资受让富邦集团、汉贵投资分别持有的上市公司28,894,686股股份、19,525,566股股份。",2025-10-14
25,002387,维信诺,资产重组,"公司与合肥市新站国鑫资本私募基金管理有限公司(以下简称“国鑫资本”)、合肥晟智股权投资有限公司(以下简称“合肥晟智”)、安徽省新材料产业主题投资基金合伙企业(有限合伙)(以下简称“省新材料母基金”)、合肥新创投资控股有限公司(以下简称“合肥新创”)、合肥新站产业投资基金合伙企业(有限合伙)(以下简称“新站产业基金”)于2025年10月10日签署了《安徽省聚晟材料股权投资合伙企业(有限合伙)合伙协议》,共同发起设立基金安徽省聚晟材料股权投资合伙企业(有限合伙)(以下简称“合伙企业”或“本基金”)。合伙企业认缴出资总额为人民币100,000万元,公司作为有限合伙人以自有资金认缴出资19,000万元,占合伙企业认缴出资比例的19%。",2025-10-14
26,002437,誉衡药业,对外担保,"公司为誉东制药向招商银行股份有限公司广州分行(以下简称“招行广州分行”)申请的银行综合授信提供连带责任保证,担保最高金额不超过人民币3,000万元,保证责任期间为自本担保书生效之日起至《授信协议》项下每笔贷款或其他融资或招行广州分行受让的应收账款债权的到期日或每笔垫款的垫款日另加三年。任一项具体授信展期,则保证期间延续至展期期间届满后另加三年止。",2025-10-14
27,002437,誉衡药业,对外担保,"公司为莱博通向上海浦东发展银行股份有限公司哈尔滨分行申请的银行综合授信提供连带责任保证,担保最高金额不超过人民币1,000万元,保证期间为按债权人对债务人每笔债权分别计算,自每笔债权合同债务行期届满之日起至该债权合同约定的债务履行期届满之日后三年止。",2025-10-14
28,002465,海格通信,资产重组,"广州海格通信集团股份有限公司(以下简称“公司”)全资子公司广州海格天腾产业发展有限公司(以下简称“天腾产业”)拟在产权交易所预挂牌,通过增资扩股的方式引入战略投资者。",2025-10-14
29,002529,*ST海源,资产重组,"公司拟将所持福建省海源智能装备有限公司100%股份以1,000万元的价格转让给德兴市中灏新能源有限公司,同时拟对应收海源智能装备15,732.90万元债权进行债务豁免。本次股份转让完成后,公司不再持有海源智能装备股份。",2025-10-14
30,002539,云图控股,股份质押,"公司股东宋睿将持有的本公司股份1100万股质押给国金证券股份有限公司,质押起始日2025/10/10至质押到期日2028/10/7并于2025年10月10日办理质押登记手续。",2025-10-14
31,002541,鸿路钢构,对外担保,"2025年9月3日,公司与华夏银行股份有限公司合肥高新区支行签订《最高额保证合同》,约定为全资子公司安徽鸿翔建材有限公司有限公司融资业务提供担保,最高担保金额不超过20,000万元人民币,担保期限为2025年7月29日至2026年7月29日。",2025-10-14
32,002541,鸿路钢构,对外担保,"2025年9月15日,公司与中信银行股份有限公司合肥分行签订《最高额保证合同》,约定为全资子公司安徽鸿翔建材有限公司融资业务提供担保,最高担保金额不超过20,000万元人民币,担保期限为2025年9月15日至2026年9月15日。",2025-10-14
33,002541,鸿路钢构,对外担保,"2025年9月11日,公司与中国建设银行股份有限公司合肥濉溪路支行签订《最高额保证合同》,约定为全资子公司重庆金鸿纬科技有限公司融资业务提供担保,最高担保金额不超过25,000万元人民币,担保期限为2025年9月11日至2026年9月10日",2025-10-14
34,002541,鸿路钢构,对外担保,"2025年9月11日,公司与中国银行股份有限公司黄冈分行签订《最高额保证合同》,约定为全资子公司湖北鸿路钢结构有限公司融资业务提供担保,最高担保金额不超过13,000万元人民币,担保期限为2025年9月11日至2026年9月3日。",2025-10-14
35,002727,一心堂,对外担保,"近日公司与中国民生银行股份有限公司成都分行签署了《最高额保证合同》,为控股子公司四川本草堂提供连带责任保证,担保的主债权本金余额为最高额人民币1亿元。",2025-10-14
36,002769,普路通,对外担保,"近日,公司与中国银行股份有限公司广州市绿色金融改革创新试验区花都分行(以下简称“中国银行”)签署了《最高额保证合同》,为子公司广州市普路通供应链管理有限公司(以下简称“广州普路通”)向中国银行申请的人民币1,000万元的授信额度提供连带责任保证担保,保证期间为主债务履行期限届满之日起三年。",2025-10-14
37,002795,永和智控,资产重组,"为进一步优化公司产业结构,实现公司资源的有效配置,提高上市公司发展质量,公司于2025年10月10日召开第五届董事会第二十二次临时会议、第五届监事会第十七次临时会议,审议通过了《关于拟公开挂牌转让普乐新能源科技(泰兴)有限公司51%股权及债权的议案》,同意公司在产权交易所公开挂牌转让泰兴普乐51%股权及公司对泰兴普乐的全部债权。本次交易完成后,公司将不再持有泰兴普乐股权,泰兴普乐不再纳入公司合并报表范围。",2025-10-14
38,002795,永和智控,资产重组,"2024年10月22日,公司与国晟旭升指定的第三方深圳市凡荣实业有限公司(以下简称“凡荣实业”)签署了《关于普乐新能源科技(泰兴)有限公司股权收购及债权转让协议》,公司拟将持有的泰兴普乐51%股权及公司对泰兴普乐的全部债权按照一揽子交易的方式,以6,140.00万元交易对价转让给凡荣实业。本次股权转让完成后,公司将不再持有泰兴普乐股权,泰兴普乐不再纳入公司合并报表范围。",2025-10-14
39,002815,崇达技术,对外担保,"崇达技术股份有限公司(以下简称“公司”)因子公司深圳市三德冠精密电路科技有限公司(以下简称“三德冠”)日常生产经营需要,于2025年10月11日与深圳农村商业银行股份有限公司松岗支行(以下简称“农村商业银行松岗支行”)签署了授信担保合同。农村商业银行松岗支行为三德冠提供综合授信额度10,000万元,公司按照49%的持股比例为三德冠本次授信融资业务提供4,900万元的担保。三德冠其他股东楼宇星、吕亚为三德冠提供全额担保,同时三德冠以其在农村商业银行松岗支行名下的定期存单提供质押担保。",2025-10-14
40,002840,华统股份,对外担保,"公司与浙江天台农村商业银行股份有限公司始丰支行于2025年10月11日签订了《最高额保证合同》,同意为公司全资子公司天台华统食品有限公司(以下简称“天台华统”)自2025年10月11日至2027年10月10日融资期间内最高融资限额为折合人民币3,000万元的所有融资债权提供最高额连带责任保证担保。",2025-10-14
41,002850,科达利,资产重组,"深圳市科达利实业股份有限公司于2025年6月30日召开第五届董事会第二十次(临时)会议及第五届监事会第十一次(临时)会议审议通过了《关于将部分募集资金借款转为对全资子公司江西科达利等增资的议案》,同意公司将2023年向特定对象发行股票募集资金前期分别向全资子公司江西科达利精密工业有限公司、湖北科达利精密工业有限公司、江门科达利精密工业有限公司提供的部分借款及后续拟投入的部分募集资金转为对其增资。本次增资完成后,上述子公司仍为公司的全资子公司。",2025-10-14
42,002856,美芝股份,资产重组,"深圳市美芝装饰设计工程股份有限公司为优化资源配置,拟通过在广东联合产权交易中心公开挂牌的方式转让公司所持有的广东英聚建筑工程有限公司51%股权,本次交易以评估机构的评估结果为基础进行挂牌,挂牌价格不低于102万元,最终交易价格以公开挂牌结果为准。",2025-10-14
43,002860,星帅尔,资产重组,"杭州星帅尔电器股份有限公司与上海电科股权投资基金管理有限公司(以下简称“上电科基金”)、上海电器科学研究所(集团)有限公司签署了《上海上电科星帅尔私募投资基金合伙企业(有限合伙)合伙协议》(以下简称“《合伙协议》”),共同投资设立上海上电科星帅尔私募投资基金合伙企业(有限合伙)。上电科星帅尔投资基金规模为人民币1亿元,其中公司作为有限合伙人以自有资金认缴出资人民币9,000万元,持有合伙企业90%的合伙份额。",2025-10-14
44,002941,新疆交建,资产重组,"为整合资源、降低管理成本、优化治理结构、提高运营效率、促进技术协同与创新提升,新疆交通建设集团股份有限公司于2025年10月13日召开第四届董事会第二十四次临时会议,审议通过了《关于全资子公司之间吸收合并的议案》,同意由公司全资子公司——新疆市政轨道交通有限公司吸收合并公司全资子公司——新疆交建通达新材料科技有限公司。吸收合并完成后,市政轨道公司存续,交建通达公司将依法注销。",2025-10-14
45,300051,琏升科技,资产收购,"上市公司拟通过发行股份及支付现金的方式,向自贡金马产投、福州数字新基建产业投资合伙企业(有限合伙)、青创伯乐大海(青岛)股权投资合伙企业(有限合伙)等38名交易对方购买其合计持有的兴储世纪69.71%股份。同时,上市公司拟向海南琏升发行股份募集配套资金。",2025-10-14
46,300051,琏升科技,资产重组,"上市公司拟通过发行股份及支付现金的方式,向自贡金马产投、福州数字新基建产业投资合伙企业(有限合伙)、青创伯乐大海(青岛)股权投资合伙企业(有限合伙)等38名交易对方购买其合计持有的兴储世纪69.71%股份。同时,上市公司拟向海南琏升发行股份募集配套资金。",2025-10-14
47,300067,安诺其,对外担保,"2025年10月11日,公司全资子公司亘聪科技与远东国际租赁签署《售后回租赁合同》,以售后回租方式开展融资租赁业务,融资金额为8,800万元,融资期限三年。同日,本公司及全资子公司山东精细、烟台精细分别与远东国际租赁签署了《保证合同》,合同约定公司及全资子公司山东精细、烟台精细为亘聪科技上述融资租赁业务提供连带责任担保。",2025-10-14
48,300119,瑞普生物,资产重组,"根据公司战略规划的需要,为进一步拓展公司在宠物产业链布局,更好地借助专业机构力量及资源优势,提高公司的综合竞争力。瑞普生物股份有限公司拟与天津港保税区新兴产业发展基金合伙企业(有限合伙)、天津临港股权投资基金管理有限公司、明智合信(天津)股权投资基金管理有限公司共同投资设立天津保瑞股权投资合伙企业(有限合伙)(暂定名,最终以市场监督管理部门核准的名称为准),用于投资宠物产业链相关标的。合伙企业认缴出资总额为人民币40,600万元,其中,公司作为有限合伙人以自有资金出资人民币15,400万元,占合伙企业认缴出资总额的37.9310%。",2025-10-14
49,300138,晨光生物,对外担保,"新疆晨光与光大银行就上述新的贷款合同重新签署了《保证合同》,被担保的主债权本金为1,000万元,保证范围为:主合同债务人在主合同项下应向债权人偿还或支付的本金、利息(包括法定利息、约定利息及罚息)、复利、违约金、损害赔偿金、实现债权的费用(包括但不限于诉讼/仲裁费用、律师费用、保全费、鉴定费、差旅费、公证费用、执行费用等)和所有其他应付的费用;担保方式为:连带责任保证;保证期间为:主合同项下债务履行期限届满之日起三年。
截至公告披露日,图木舒克晨光归还了光大银行上述1,000万元贷款,公司减少了对应的1,000万元担保义务。",2025-10-14
50,300138,晨光生物,对外担保,"结合自身经营流动资金需求,晨光生物科技集团图木舒克有限公司(以下简称“图木舒克晨光”)及喀什晨光植物蛋白有限公司(以下简称“喀什蛋白”,上述公司系新疆晨光全资子公司,穿透后为公司控股子公司)近日分别向昆仑银行股份有限公司库尔勒分行(以下简称“昆仑银行”)提出流动资金借款申请。经过核查,昆仑银行同意了图木舒克晨光及喀什蛋白的借款申请,借款金额分别为:4,000万元、3,000万元,担保方式为:公司保证担保。公司与昆仑银行分别就上述借款事宜签署了《保证合同》,担保的主债权为昆仑银行依据其与图木舒克晨光及喀什蛋白签订的主合同而享有的对债务人的债权,金额分别为:4,000万元、3,000万元;保证方式为:连带责任保证;保证期间为:自主合同项下的每笔债务借款期限届满之次日起三年;保证范围为:主债权本金、利息、复利(含期内利息、逾期未付利息)、罚息、违约金、损害赔偿金、汇率损失(因汇率变动引起的相关损失)以及实现债权的费用(包括但不限于诉讼费、仲裁费、律师费、保全费、鉴定费、执行费、拍卖费等)。
截至公告披露日,喀什蛋白归还了昆仑银行上述3,000万元贷款,公司减少了对应的3,000万元担保义务。",2025-10-14
51,300138,晨光生物,对外担保,"2、结合自身经营流动资金需求,经公司2022年年度股东大会决议,图木舒克晨光前期向中国进出口银行喀什分行(以下简称“进出口银行”)申请办理了10,000万元流动资金借款。担保方式为:公司保证担保。公司与进出口银行签署了《保证合同》,保证方式为:连带责任保证;保证期间为:主合同项下债务履行期届满之日起三年;保证范围为:1、贷款本金10,000万元;2、利息、违约金、损害赔偿金、实现债权的费用;以及“债务人”应支付的任何其他款项。结合贷款到期情况、子公司原材料采购进度及自身资金情况,图木舒克晨光近期归还了进出口银行的上述10,000万元借款,并向进出口银行重新申请了两笔合计21,600万元的流动资金借款。经过核查,进出口银行同意了图木舒克晨光的借款申请,担保方式为:公司保证担保。
近日,图木舒克晨光归还了进出口银行剩下的10,800万元贷款,公司减少了对应的10,800万元担保义务。",2025-10-14
52,300182,捷成股份,资产重组,"为解决控股股东债务纠纷,化解流动性风险以维护上市公司及全体股东利益。2025年8月19日,北京捷成世纪科技股份有限公司控股股东徐子泉先生、股东苏醒先生分别与和盛财富(北京)基金管理有限公司(代表“和盛财富甄选财富私募证券投资基金”)签署《股份转让协议》,徐子泉先生和苏醒先生拟通过协议转让的方式合计将持有公司的133,200,000股无限售流通股份(占公司股份总数的5.00%)转让给和盛财富。其中,徐子泉先生转让其所持公司126,600,000股股份,占公司股份总数的4.75%;苏醒先生转让其所持公司6,600,000股股份,占公司股份总数的0.25%。",2025-10-14
53,300195,长荣股份,资产重组,"天津长荣科技集团股份有限公司(以下简称“公司”或“长荣股份”)拟收购金昌恩晖新能源装备有限公司(以下简称“恩晖新能源”)持有的金昌恩驰新能源科技有限公司(以下简称“恩驰新能源”)100%股权,鉴于恩驰新能源尚未实缴出资亦尚未开展实际生产经营活动,本次收购对价为0元。股权转让完成后,公司将履行对恩驰新能源的实缴出资义务,并对交易标的增资6,000万元,资金来源均为自有或自筹资金。本次交易完成后,恩驰新能源将成为公司全资子公司。",2025-10-14
54,300292,吴通控股,对外担保,"近日,公司与兴业银行股份有限公司苏州分行(以下简称“兴业银行苏州分行”)签订了《最高额保证合同》,为公司全资子公司北京国都互联科技有限公司(以下简称“国都互联”)向兴业银行苏州分行申请授信额度提供最高限额为人民币7,000万元的连带责任保证。",2025-10-14
55,300364,中文在线,股份质押,"公司股东童之磊将持有的本公司股份726万股质押给国联民生证券股份有限公司,质押起始日2025/10/10并于2025年10月10日办理质押登记手续。",2025-10-14
56,300407,凯发电气,对外担保,"公司拟为子公司凯发中特向银行等金融机构申请综合授信额度提供担保,共计不超过人民币7,000万元,以满足凯发中特日常生产经营需要。",2025-10-14
57,300479,神思电子,对外担保,"为满足神思医疗日常经营发展需要,公司于近日与中国光大银行股份有限公司济南分行(以下简称“光大银行济南分行”)签订《最高额保证合同》,约定公司为神思医疗在光大银行济南分行贷款事项提供担保。",2025-10-14
58,300670,大烨智能,对外担保,"近日,公司与宁波银行股份有限公司苏州分行(以下简称“宁波银行”)签署了《最高额保证合同》,为公司全资子公司苏州国宇碳纤维科技有限公司(以下简称“苏州国宇”)与宁波银行在2024年5月17日起至2034年5月13日期间签署的形成债权债务关系的主合同下的债权提供最高债权保证,最高债权限额为债权最高本金限额人民币9,001万元和相应的利息、罚息、违约金、损害赔偿金以及为实现债权、担保权利等所发生的一切费用。近日,上述银行贷款已结清,对应《最高额保证合同》项下公司对苏州国宇的担保责任已解除。",2025-10-14
59,300703,创源股份,资产重组,"2025年10月11日,创源海纳已完成上述土地使用权的权属登记手续,并取得宁波市自然资源和规划局颁发的《中华人民共和国不动产权证书》。",2025-10-14
60,300842,帝科股份,资产重组,"无锡帝科电子材料股份有限公司(以下简称“公司”“上市公司”或“帝科股份”)拟以现金30,000万元收购江苏晶凯半导体技术有限公司(以下简称“江苏晶凯”)62.5%股权(以下简称“本次交易”),本次交易完成后江苏晶凯将成为公司的控股子公司,并纳入合并报表范围。",2025-10-14
61,300972,万辰集团,资产重组,"为支持青少年公益事业的健康发展,促进青少年健康成长成才,公司与福建省青少年发展基金会签订协议,将由公司或控股子公司向该基金会捐赠人民币100.00万元。",2025-10-14
62,300998,宁波方正,资产重组,"宁波方正汽车模具股份有限公司正在筹划以现金方式购买福建省鹏鑫创展新能源科技有限公司持有的福建骏鹏通信科技有限公司60%股权。本次交易实施前,宁波方正持有骏鹏通信40%股权,鹏鑫创展持有骏鹏通信60%股权。本次交易完成后,骏鹏通信将成为宁波方正全资子公司。",2025-10-14
63,301009,可靠股份,对外担保,"近日,公司与宁波银行股份有限公司杭州分行(以下简称“宁波银行”)签订了《最高额保证合同》(以下简称“保证合同”),由公司为全资子公司可靠福祉向宁波银行申请不超过人民币10,000万元的授信提供连带责任保证担保。",2025-10-14
64,301075,多瑞医药,资产重组,"2025年10月13日西藏嘉康时代科技发展有限公司及其一致行动人舟山清畅企业管理合伙企业(有限合伙)与王庆太、崔子浩、曹晓兵签署了《股份转让协议》,西藏嘉康、舟山清畅拟以协议转让方式合计向王庆太及其一致行动人崔子浩、曹晓兵转让其持有的公司无限售流通股23,680,000股(占公司总股本的29.60%)。同时,王庆太、曹晓兵拟通过部分要约收购的方式进一步增持上市公司的股份,拟要约收购股份数量为19,440,000股(占上市公司总股本的24.30%)。西藏嘉康拟将其持有上市公司股份19,440,000股申报预受要约,承诺以上预受要约均为不可撤回且在要约收购期间不得处分。自协议转让股份过户完成之日至要约收购完成之日,西藏嘉康放弃前述承诺预受要约19,440,000股(占上市公司股份总数的24.30%)的表决权。",2025-10-14
65,301075,多瑞医药,资产重组,"公司收到公司控股股东西藏嘉康及其一致行动人舟山清畅的通知,其于2025年10月13日与王庆太及其一致行动人崔子浩、曹晓兵签署了《股份转让协议》,拟以协议转让的方式向王庆太、崔子浩、曹晓兵合计转让其持有的公司无限售条件流通股合计23,680,000股(占公司总股本的29.60%)。其中,西藏嘉康向王庆太转让4,000,000股(占上市公司股份总数的5.00%)、向崔子浩转让6,560,000股(占上市公司股份总数的8.20%)、向曹晓兵转让7,760,000股(占上市公司股份总数的9.70%),舟山清畅向崔子浩转让5,360,000股(占上市公司股份总数的6.70%)。本次股份协议转让的价格为32.064元/股,股份转让总价款(含税)共计人民币759,275,520元。",2025-10-14
66,301099,雅创电子,对外担保,"近日,公司分别与债权人签订《保证书》(以下简称“保证书”),由公司分别为香港雅创台信电子有限公司(以下简称“香港台信”)和上海旭择电子零件有限公司(以下简称“上海旭择”)与债权人签订的购销协议形成的应付账款承担连带保证责任,保证书项下担保最高额度分别为人民币20,000.00万元整,合计最高保证额度为人民币40,000.00万元整。",2025-10-14
67,301112,信邦智能,资产重组,"广州信邦智能装备股份有限公司拟以发行股份、可转换公司债券及支付现金的方式向无锡临英企业管理咨询合伙企业(有限合伙)等交易对方购买无锡英迪芯微电子科技股份有限公司控股权,并拟向不超过35名特定投资者发行股份募集配套资金。",2025-10-14
68,301127,武汉天源,对外担保,"近日,公司控股孙公司新疆兴起航作为承租人与出租人招银金租签订了《融资租赁合同》(以下简称“主合同”),约定开展总额不超过人民币12亿元的融资租赁业务。同时,公司及实际控制人黄开明先生、黄昭玮先生、李娟女士分别与出租人签署了《保证合同》及《不可撤销的担保书(个人)》;公司控股股东湖北天源环保集团有限公司与出租人签署了《股权质押协议》,以其持有的公司部分股份向出租人提供质押担保。",2025-10-14
69,301128,强瑞技术,对外担保,"鉴于公司之子公司深圳市三烨科技有限公司(以下简称“三烨科技”)的日常经营业务需要,三烨科技于2025年10月13日与中国建设银行股份有限公司深圳市分行(以下简称“建设银行”)签署了编号为HTZ442008040LDZJ2025N00B的《人民币流动资金贷款合同》(以下简称“《贷款合同》”),《贷款合同》约定建设银行向三烨科技提供人民币3,000万元整的综合授信额度。公司作为保证人,同步与建设银行签署了编号为HTC442008040ZGDB2025N00B的《本金最高额保证合同》(以下简称“《保证合同》”),《保证合同》约定在2025年10月13日至2026年8月28日期间签订的人民币资金借款合同、外汇资金借款合同、银行承兑协议、信用证开证合同、出具保函协议及/或其他法律性文件项下不超过(币种)人民币(金额大写)叁仟万元整的本金余额;以及利息(含复利和罚息)、违约金、赔偿金、判决书或调解书等生效法律文书延迟履行期间应加倍支付的债务利息、债务人应向建设银行支付的其他款项(包括但不限于建设银行垫付的有关手续费、电讯费、杂费、信用证项下受益人拒绝承担的有关银行费用等)、建设银行为实现债权与担保权而发生的一切费用(包括但不限于诉讼费、仲裁费、财产保全费、差旅费、执行费、评估费、拍卖费、公证费、送达费、公告费、律师费等)提供连带责任保证。三烨科技的其他股东未同时承担连带保证责任。",2025-10-14
70,301320,豪江智能,资产重组,"根据青岛豪江智能科技股份有限公司发展战略及业务需要,青岛豪江智能科技股份有限公司拟以自有资金510.00万元投资入股青岛第五元素科技有限公司。本次增资完成后,青岛第五元素科技有限公司的注册资本由284.4547万元增至580.5198万元,青岛豪江智能科技股份有限公司将持有青岛第五元素科技有限公司51.00%的股权,青岛第五元素科技有限公司将纳入青岛豪江智能科技股份有限公司合并报表范围。第五元素于近日完成了相关工商变更登记手续,并取得了青岛市崂山区行政审批服务局换发的《营业执照》。",2025-10-14
71,301372,科净源,对外担保,"基于前期公司董事会及股东大会审议通过的内容及授权,为促进公司业务的开展,公司拟向恒丰银行股份有限公司北京分行(以下简称“恒丰银行”)申请流动资金贷款,额度为1,000万元,贷款期限1年,由北京海淀科技企业融资担保有限公司(以下简称“海淀科技担保”)为公司本次申请贷款提供担保,公司实际控制人葛敬先生、张茹敏女士为海淀科技担保提供连带责任保证反担保,该反担保不向公司收取任何担保费用,也不需要公司提供反担保。同时葛敬先生、张茹敏女士以两项不动产抵押为海淀科技担保提供连带责任保证反担保。",2025-10-14
72,301515,港通医疗,资产重组,"2025年9月24日,四川港通医疗设备集团股份有限公司收到持股5%以上股东GT South (HongKong) Limited(以下简称“香港GT”)的通知,其上层股东GT North (Cayman) Ltd.,(以下简称“开曼GT”)的上层股东Ares Corporate Oppotunities FundAsia, L.P.(以下简称“Ares”)与Ever Thrive Global Limited(以下简称“EverThrive”)共同签署了《股权收购协议》,Ever Thrive受让Ares持有的开曼GT100%股权。",2025-10-14
73,301519,舜禹股份,资产重组,"基于公司战略规划及未来经营发展的需要,公司拟使用自有资金4,000万元人民币,在上海设立全资子公司舜禹智算(上海)低碳科技有限公司。近日,舜禹智算(上海)低碳科技有限公司完成了工商注册登记手续,并取得了上海市徐汇区市场监督管理局核发的《营业执照》。",2025-10-14
74,600053,九鼎投资,资产重组,昆吾九鼎投资控股股份有限公司控股股东同创九鼎投资管理集团股份有限公司将其持有的全资子公司江西中江集团有限责任公司的100%的股权转让给九鼎集团全资子公司拉萨昆吾九鼎产业投资管理有限公司。,2025-10-14
75,600095,湘财股份,资产重组,"本次采用湘财股份换股吸收合并大智慧的方式,即湘财股份将向换股对象发行A股股份,向其支付吸收合并的对价。截至换股实施股权登记日,湘财股份持有的大智慧股份、大智慧回购持有且尚未注销的自身股份以及新湖集团持有的大智慧股份将直接予以注销,不参与换股,湘财股份亦不就该等股份支付对价。本次吸收合并后,大智慧将终止上市,并注销法人资格;湘财股份作为存续公司将承继及承接大智慧的全部资产、负债、业务、人员、合同、资质及其他一切权利与义务,并相应对存续公司的注册资本、经营范围等内容予以变更。存续公司根据届时适用的法律法规和本次合并的具体情况采取一系列措施建立新的法人治理结构、管理架构、发展战略和企业文化。",2025-10-14
76,600095,湘财股份,资产收购,"本次采用湘财股份换股吸收合并大智慧的方式,即湘财股份将向换股对象发行A股股份,向其支付吸收合并的对价。截至换股实施股权登记日,湘财股份持有的大智慧股份、大智慧回购持有且尚未注销的自身股份以及新湖集团持有的大智慧股份将直接予以注销,不参与换股,湘财股份亦不就该等股份支付对价。本次吸收合并后,大智慧将终止上市,并注销法人资格;湘财股份作为存续公司将承继及承接大智慧的全部资产、负债、业务、人员、合同、资质及其他一切权利与义务,并相应对存续公司的注册资本、经营范围等内容予以变更。存续公司根据届时适用的法律法规和本次合并的具体情况采取一系列措施建立新的法人治理结构、管理架构、发展战略和企业文化。",2025-10-14
77,600105,永鼎股份,对外担保,"公司收到银行函件,公司与中国银行股份有限公司湖北自贸试验区武汉片区分行(以下简称“中行湖北自贸区武汉分行”)签署《保证合同》,为全资子公司武汉汇谷向中行湖北自贸区武汉分行申请12,000万元期限为十五年的银行授信提供连带责任保证担保。本次为全资子公司武汉汇谷提供的担保,无反担保。",2025-10-14
78,600105,永鼎股份,对外担保,"公司收到银行函件,公司与交通银行股份有限公司苏州长三角一体化示范区分(支)行(以下简称“交通银行示范区分(支)行”)签署《保证合同》,为全资子公司永鼎电气向交通银行示范区分(支)行申请1,100万元期限为三年的银行授信提供连带责任保证担保。本次为全资子公司永鼎电气提供的担保,无反担保。",2025-10-14
79,600105,永鼎股份,对外担保,"公司收到银行函件,公司与中国农业银行股份有限公司苏州长三角一体化示范区分行(以下简称“农行苏州示范区分行”)签署《保证合同》,为控股子公司永鼎泰富向农行苏州示范区分行申请319.82万元期限为七个月的银行授信提供连带责任保证担保。本次为控股子公司永鼎泰富提供的担保,由其他股东严炜、宋德明、许峥、徐功胜、穆茂武、曹一欢、淦贵生按其持股比例提供相应反担保。",2025-10-14
80,600105,永鼎股份,对外担保,"公司收到银行函件,公司与中国建设银行股份有限公司苏州长三角一体化示范区分行(以下简称“建行苏州示范区分行”)签署《保证合同》,为全资子公司苏州金亭向建行苏州示范区分行申请800万元期限为四个月的银行授信提供连带责任保证担保。公司与中国银行股份有限公司苏州长三角一体化示范区分行(以下简称“中行苏州示范区分行”)签署《最高额保证合同》,为全资子公司苏州金亭向中行苏州示范区分行申请5,000万元期限为一年的银行授信提供连带责任保证担保。本次为全资子公司苏州金亭提供的担保,无反担保。",2025-10-14
81,600105,永鼎股份,对外担保,"公司收到银行函件,公司与上海银行股份有限公司浦东大道支行(以下简称“上海银行浦东大道支行”)签署《最高额保证合同》,为全资子公司上海金亭向上海银行浦东大道支行申请5,000万元期限为一年的银行授信提供连带责任保证担保。本次为全资子公司上海金亭提供的担保,无反担保。",2025-10-14
82,600105,永鼎股份,对外担保,"公司收到银行函件,公司与成都银行股份有限公司高升桥支行(以下简称“成都银行高升桥支行”)签署《最高额保证合同》,为控股子公司成都鼎集向成都银行高升桥支行申请500万元期限为三年的银行授信提供连带责任保证担保。本次为控股子公司成都鼎集提供的担保,由其他股东李鑫、苏州舟过重山管理咨询合伙企业(有限合伙)和夏健按其持股比例提供相应反担保。",2025-10-14
83,600116,三峡水利,对外担保,"除上述年度担保计划变动情况外,同月公司下属全资子公司聚龙电力的参股公司科尔科克公司向浦发银行重庆分行偿还了1,470万元贷款,按持股比例从而解除聚龙电力463.05万元的担保责任。",2025-10-14
84,600136,ST明诚,资产重组,"武汉明诚文化体育集团股份有限公司收到股东武汉新星汉宜化工有限公司通知,湖北省武汉市东湖新技术开发区人民法院就湖北银行股份有限公司徐东支行与新星汉宜借款合同纠纷一案出具执行裁定书[(2025)鄂0192执2321号之三],并在京东网司法拍卖网络平台上发布股权司法拍卖公告,将公开司法拍卖新星汉宜持有的公司9,400,000股股份,占公司总股本的0.46%。上述股份已全部被司法标记。",2025-10-14
85,600165,*ST宁科,资产重组,"上海中能企业发展(集团)有限公司持有宁夏中科生物科技股份有限公司股份200,000,000股,占公司总股本的29.20%。上海中能质押股份数为200,000,000股,且已被冻结,占其持有公司股份总数的100%。本次上海中能将被司法拍卖的股份数量为200,000,000股,占其持有公司股份总数的100%,占公司总股本的29.20%。",2025-10-14
86,600200,*ST苏吴,对外担保,"近日,公司与江苏银行股份有限公司苏州分行签署《最高额连带责任保证书》,约定公司为吴中医药与江苏银行股份有限公司苏州分行签订的《流动资金借款合同》提供最高额连带责任保证担保,最高担保额为人民币2,850万元。",2025-10-14
87,600202,哈空调,资产重组,"哈尔滨空调股份有限公司(以下简称“公司”或“哈空调”)拟转让所持有的哈尔滨富山川生物科技发展有限公司(以下简称“富山川”)40.00%的股权,将在黑龙江联合产权交易所预挂牌。",2025-10-14
88,600265,ST景谷,资产重组,"为提高公司持续经营能力,进一步优化公司业务结构,切实维护公司和广大股东利益,公司控股股东周大福投资拟与公司签署《资产赠与协议》,将其持有的博达数科51%股权无偿赠与公司。公司无需支付任何对价,并不附任何义务。本次受赠完成后,公司将持有博达数科51%股权,博达数科将纳入公司合并报表范围内。",2025-10-14
89,600310,广西能源,对外担保,"近日,公司全资子公司桂旭能源公司与广西北部湾银行股份有限公司贺州分行(以下简称“北部湾银行贺州分行”)签订《流动资金借款合同》,借款金额为1,580万元,借款期限为12个月。公司与北部湾银行贺州分行签订《保证合同》,为前述《流动资金借款合同》项下的债务提供连带责任保证。",2025-10-14
90,600383,金地集团,对外担保,"金地(集团)股份有限公司(下称“公司”)之子公司金地嘉禾房地产开发嘉兴有限公司间接持有嘉兴锦致置业有限公司(下称“项目公司”)49.72%的股权,开发位于嘉兴市南湖区富民路北侧地块(下称“项目”)。为了满足项目发展需要,项目公司向交通银行股份有限公司嘉兴分行(以下简称“交通银行”)申请18,769万元额度的贷款,期限至2027年4月2日。公司于2025年10月10日与交通银行签订了保证合同,为前述融资事项提供49.72%连带责任保证担保,担保本金金额不超过人民币9,331.95万元。担保期限自担保合同生效之日起至债务履行期限届满之日后三年止。",2025-10-14
91,600556,天下秀,对外担保,"天下秀数字科技(集团)股份有限公司(以下简称“公司”)与兴业银行股份有限公司北京望京支行(以下简称“兴业银行北京望京支行”)签署了《最高额保证合同》,约定公司为北京天下秀广告有限公司(以下简称“北京广告”)向兴业银行北京望京支行申请银行综合授信提供担保,本次担保最高债权额为人民币7,200万元,担保方式为连带责任保证。",2025-10-14
92,600612,老凤祥,资产重组,"为进一步提升“老凤祥”品牌形象和价值,丰富“老凤祥”产品内容和层级,加快开拓中高端市场,适应时尚、高端和个性化消费群体对公司高品质产品的需求,公司拟由下属控股子公司上海老凤祥有限公司和上海老凤祥钻石加工中心有限公司共同投资设立上海老凤祥臻品商贸有限公司,注册资本5,000万元人民币,预计项目总投资额5,000万元人民币(暂估)。",2025-10-14
93,600679,上海凤凰,资产重组,"上海凤凰企业(集团)股份有限公司拟将持有的上海市静安区镇宁路200号西楼12层A室、12层B室、11层C室及11层D室四处房产通过上海联合产权交易所以公开挂牌的方式出售,首次挂牌转让价格合计为30,760,000.00元。",2025-10-14
94,600708,光明地产,资产重组,"本公司全资子公司华都集团将通过联交所公开挂牌转让所持有的锦如置业60%股权及相应债权。锦如置业60%股权价格为人民币40,087,338.54元,对应债权为人民币62,522,333.18元,合计以不低于总价人民币102,609,671.72元将作为华都公司在联交所公开挂牌转让价格。",2025-10-14
95,600736,苏州高新,资产重组,"苏州新区高新技术产业股份有限公司全资子公司苏州高新投资管理有限公司拟认缴出资1.35亿元,受让苏州金合盛控股有限公司所持裕新基金9%LP份额;其中,666万元为受让苏高新金控已实缴份额价款,12,834万元为对裕新基金的剩余认缴出资金额。",2025-10-14
96,600803,新奥股份,股份质押,"公司股东新奥科技发展有限公司将持有的本公司股份4756万股质押给华泰证券股份有限公司,质押起始日2025年10月10日至质押到期日2028年8月16日并于2025年10月10日办理质押登记手续。",2025-10-14
97,600869,远东股份,对外担保,"汇丰银行(中国)有限公司北京分行、招商银行股份有限公司北京分行为北京京航安机场工程有限公司(以下简称“京航安”)提供授信服务,中关村担保为京航安提供12,000.00万元的担保,远东智慧能源股份有限公司(以下简称“公司”)为中关村担保提供反担保。",2025-10-14
98,600881,亚泰集团,资产重组,"根据所属子公司经营需要,公司拟公开挂牌转让持有的吉林亚泰生物药业股份有限公司5,980万股股份,挂牌底价不低于3,210.42万元。",2025-10-14
99,600881,亚泰集团,对外担保,"根据所属子公司经营需要,同意公司、吉林大药房药业股份有限公司继续为亚泰医药集团有限公司、吉林龙鑫药业有限公司、亚泰集团长春建材有限公司分别在长春发展农村商业银行股份有限公司申请的借款4,900万元、4,900万元、1,200万元提供连带责任保证,以亚泰集团长春建材有限持有的620万元存单提供质押担保。东北中小企业融资再担保股份有限公司吉林分公司对上述借款提供连带责任保证,由公司、吉林亚泰水泥有限公司、亚泰集团长春新型建筑产业化公司、亚泰集团伊通水泥有限公司为东北中小企业融资再担保股份有限公司吉林分公司对上述借款的担保提供连带责任保证,以吉林亚泰水泥有限公司持有的两处采矿权及所在五宗土地和亚泰集团伊通水泥有限公司名下的房屋为东北中小企业融资再担保股份有限公司吉林分公司对上述借款的担保提供抵押担保。",2025-10-14
100,600900,长江电力,资产重组,"中国长江电力股份有限公司第六届董事会第四十七次会议于2025年10月13日以通讯方式召开。会议应到董事11人,实到11人,符合《公司法》和《公司章程》等有关规定。会议以通讯表决方式审议通过《关于增设河北青龙冰沟抽水蓄能有限公司为长江电力子企业的议案》。同意增设河北青龙冰沟抽水蓄能有限公司为公司二级子企业。",2025-10-14
101,600933,爱柯迪,资产重组,"爱柯迪股份有限公司正在筹划以发行股份及支付现金的方式购买卓尔博(宁波)精密机电股份有限公司71%股权,同时公司拟发行股份募集配套资金。本次交易完成后,卓尔博将成为公司的控股子公司。本次交易方案包括发行股份及支付现金购买卓尔博71%的股权和募集配套资金两部分。其中,募集配套资金以发行股份及支付现金购买资产的成功实施为前提条件,但最终募集配套资金成功与否或是否足额募集均不影响发行股份及支付现金购买资产的实施。(一)发行股份及支付现金购买资产本次交易上市公司拟通过发行股份及支付现金的方式,向王成勇、王卓星及周益平等3名交易对方购买其合计持有的卓尔博71%股权。2、发行对象及认购方式本次交易发行股份的对象为王成勇、王卓星及周益平共3名交易对方,发行对象将以其持有的标的公司的股权认购本次发行的股份。根据天道评估出具的《资产评估报告》(天道资报字【2025】第25007107号),以2024年12月31日为评估基准日,分别采取收益法和资产基础法对标的资产进行了评估,最终选择收益法评估结果作为评估结论,卓尔博股东全部权益的评估价值为157,600.00万元。经交易各方协商确定以收益法评估结果为参考依据,标的公司100%股权的交易估值为157,500.00万元,卓尔博71%股权的最终交易价格为111,825.00万元。",2025-10-14
102,600933,爱柯迪,资产收购,"爱柯迪股份有限公司正在筹划以发行股份及支付现金的方式购买卓尔博(宁波)精密机电股份有限公司71%股权,同时公司拟发行股份募集配套资金。本次交易完成后,卓尔博将成为公司的控股子公司。本次交易方案包括发行股份及支付现金购买卓尔博71%的股权和募集配套资金两部分。其中,募集配套资金以发行股份及支付现金购买资产的成功实施为前提条件,但最终募集配套资金成功与否或是否足额募集均不影响发行股份及支付现金购买资产的实施。(一)发行股份及支付现金购买资产本次交易上市公司拟通过发行股份及支付现金的方式,向王成勇、王卓星及周益平等3名交易对方购买其合计持有的卓尔博71%股权。2、发行对象及认购方式本次交易发行股份的对象为王成勇、王卓星及周益平共3名交易对方,发行对象将以其持有的标的公司的股权认购本次发行的股份。根据天道评估出具的《资产评估报告》(天道资报字【2025】第25007107号),以2024年12月31日为评估基准日,分别采取收益法和资产基础法对标的资产进行了评估,最终选择收益法评估结果作为评估结论,卓尔博股东全部权益的评估价值为157,600.00万元。经交易各方协商确定以收益法评估结果为参考依据,标的公司100%股权的交易估值为157,500.00万元,卓尔博71%股权的最终交易价格为111,825.00万元。",2025-10-14
103,601519,大智慧,资产重组,上海大智慧股份有限公司与湘财股份有限公司正在筹划由湘财股份通过向公司全体A股换股股东发行A股股票的方式换股吸收合并大智慧并发行A股股票募集配套资金。,2025-10-14
104,603089,正裕工业,资产重组,"浙江正裕工业股份有限近日接到控股股东浙江正裕投资有限公司的通知,根据正裕投资业务发展需要,正裕投资拟以存续分立的方式,分立为正裕投资(存续公司)和台州于乐控股有限公司、台州豪享控股有限公司及台州至高君合控股有限公司。本次分立前,正裕投资注册资本为2,000.00万元;本次分立后,存续公司正裕投资的注册资本变更为1,000.00万元,于乐控股、豪享控股及至高君合控股的注册资本分别为325.00万元、350.00万元及325.00万元。存续公司正裕投资、于乐控股、豪享控股及至高君合控股的股东和股权比例与分立前正裕投资一致,均为郑连松持股35.00%、郑念辉持股32.50%、郑连平持股32.50%。本次分立拟将正裕投资持有的本公司41.03%股权中的13.3354%(即3,200.94万股)分立进入于乐控股、14.3612%(即3,447.17万股)分立进入豪享控股、13.3354%(即3,200.94万股)分立进入至高君合控股,存续的正裕投资不再持有公司股份。近日,公司收到控股股东正裕投资的通知,正裕投资分立为正裕投资(存续公司)和于乐控股、豪享控股及至高君合控股(新设公司)的变更文件已在玉环市市场监督管理局登记备案,正裕投资变更为浙江正裕企业管理有限公司(存续公司),分立的新设公司于乐控股、豪享控股及至高君合控股已取得营业执照。",2025-10-14
105,603173,福斯达,资产重组,"公司拟在启东吕四港经济开发区注册成立全资子公司项目公司(即制造业公司)、贸易公司和港务物流运营公司,分别负责本次启东项目的投资建设、生产运营及原材料采集等业务。其中,项目公司注册资金不低于5.88亿元人民币,负责参与项目所需工业用地、工业用海的竞拍,并负责项目的投资建设及生产运营。",2025-10-14
106,603270,金帝股份,对外担保,"近日,山东金帝精密机械科技股份有限公司(以下简称“公司”)与交通银行股份有限公司聊城分行签署了《保证合同》,由公司对山东博源精密机械有限公司(以下简称“博源精密”)在该行于2025年10月13日至2033年9月2日期间内发生的债务提供连带责任保证担保,提供的担保金额为5,000万元。博源精密对本次担保不提供反担保。",2025-10-14
107,603270,金帝股份,对外担保,"近日,公司与恒丰银行股份有限公司聊城分行签署了《保证合同》,由公司对山东意吉希精密制造有限公司(以下简称“意吉希”)在该行于2025年10月13日至2026年10月13日期间内发生的债务提供连带责任保证担保,提供的担保金额为1,000万元。意吉希对本次担保不提供反担保。",2025-10-14
108,603309,维力医疗,股份质押,"公司股东广州松维企业管理咨询有限公司将持有的本公司股份1460万股质押给招商证券股份有限公司,质押起始日2025/10/9至质押到期日2026/10/8并于2025年10月09日办理质押登记手续。",2025-10-14
109,603377,ST东时,资产重组,"本次拟拍卖的股份为东方时尚驾驶学校股份有限公司(以下简称“公司”)控股股东东方时尚投资有限公司(以下简称“东方时尚投资”)持有的公司3,000,000股无限售流通股,约占公司总股本(因公司处于可转换公司债券转股期,数据为截至2025年10月10日,下同)714,894,945股的0.42%。",2025-10-14
110,603380,易德龙,对外担保,"ETRON-ELBS.DER.L.DEC.V(以下简称“墨西哥子公司”)成立以来,为公司布局海外产能,进一步提升国际化水平,深度参与全球产业分工和合作发挥了积极作用,提升客户服务质量,增加客户满意度发挥了积极作为。为保证墨西哥子公司继续发展,公司拟扩充墨西哥子公司产能,与当地出租方签订新的厂房租赁合同,租赁期限为10年,鉴于商业惯例及实际需要,公司的全资子公司易路宝国际有限公司(以下简称“ELB”)拟为上述租赁合同中约定的租金及相关税费提供担保,担保总责任金额不超过1,300万美元(约人民币9,230.91万元),担保期限覆盖上述整个协议的有效期。同时,ELB将向出租方交付一份由商业银行开具的备用信用证为厂房的租赁作担保,备用信用证金额为943,345.08美元(约人民币6,698,410.41元),相当于二期厂房的首年租金。上述担保合计金额为13,943,345.08美元(约人民币99,007,510.41元)。",2025-10-14
111,603668,天马科技,对外担保,"2025年9月28日,本公司与中信银行股份有限公司九江分行签署了《最高额保证合同》,为全资子公司武宁县上坪生态养殖有限公司在该行开展的授信业务提供连带责任保证,担保总额为人民币1,000.00万元,本次实际担保额为人民币500.00万元。",2025-10-14
112,603668,天马科技,对外担保,"2025年9月26日,公司向广东广物国际能源集团有限公司出具了《最高额担保函》,为公司全资子公司厦门金屿进出口有限公司提供业务合同履约连带责任保证,合计担保的最高债权额为28,000.00万元,保证期间为债务履行届满之日起6年。",2025-10-14
113,603668,天马科技,对外担保,"2025年9月30日,江西天马科技实业有限公司、本公司与江西武宁农村商业银行股份有限公司营业部签署了《保证合同》,为全资子公司江西宏马科技有限公司在该行开展的授信业务提供连带责任保证,担保总额为人民币1,000.00万元,本次实际担保额为人民币1,000.00万元。",2025-10-14
114,603668,天马科技,对外担保,"2025年9月12日,福建省华龙集团饲料有限公司(以下简称“华龙集团”)与中国银行股份有限公司邵武支行签署了《最高额保证合同》,为控股子公司福建省邵武市华龙饲料有限公司在该行开展的授信业务提供连带责任保证,担保总额为人民币1,000.00万元,本次实际担保额为人民币1,000.00万元。",2025-10-14
115,603668,天马科技,对外担保,"2025年9月28日,本公司与中信银行股份有限公司九江分行签署了《最高额保证合同》,为全资子公司武宁县融鑫生态养殖有限公司在该行开展的授信业务提供连带责任保证,担保总额为人民币1,000.00万元,本次实际担保额为人民币1,000.00万元。",2025-10-14
116,603668,天马科技,对外担保,"2025年9月28日,本公司与中信银行股份有限公司九江分行签署了《最高额保证合同》,为全资子公司武宁县鳗鲡堂鲁溪生态养殖有限公司在该行开展的授信业务提供连带责任保证,担保总额为人民币800.00万元,本次实际担保额为人民币800.00万元。",2025-10-14
117,603668,天马科技,对外担保,"2025年9月18日,本公司与交通银行股份有限公司福建省分行签署了《保证合同》,为全资子公司福建海德食品有限公司在该行开展的授信业务提供连带责任保证,担保总额为人民币3,000.00万元,本次实际担保额为人民币3,000.00万元。",2025-10-14
118,603668,天马科技,对外担保,"2025年9月29日,本公司与中信银行股份有限公司海口分行签署了《最高额保证合同》,为控股子公司海南天马生物科技有限公司在该行开展的授信业务提供连带责任保证,担保总额为人民币1,000.00万元,本次实际担保额为人民币1,000.00万元。",2025-10-14
119,603668,天马科技,对外担保,"2025年9月28日,本公司与中信银行股份有限公司九江分行签署了《最高额保证合同》,为全资子公司武宁县官田源泉生态养殖有限公司在该行开展的授信业务提供连带责任保证,担保总额为人民币700.00万元,本次实际担保额为人民币700.00万元。",2025-10-14
120,603668,天马科技,对外担保,"2025年9月17日,本公司与福建海峡银行股份有限公司福清分行签署了《最高额保证合同》,为全资子公司福建三渔养殖有限公司在该行开展的授信业务提供连带责任保证,担保总额为人民币1,000.00万元,本次实际担保额为人民币1,000.00万元。",2025-10-14
121,603690,至纯科技,对外担保,"近日,因上海至纯洁净系统科技股份有限公司(以下简称“公司”或“本公司”)控股子公司至嘉半导体、至微半导体、江苏启微向银行申请授信贷款事项,公司与平安银行股份有限公司上海分行、中国光大银行股份有限公司上海分行、南京银行股份有限公司南通分行分别签订了《最高额保证担保合同》《最高额保证合同》《保证合同》。",2025-10-14
122,603811,诚意药业,资产重组,"浙江诚意药业股份有限公司于2024年6月28日召开第四届董事会第九次会议,审议通过《关于子公司江苏诚意药业有限公司出售资产的议案》,同意江苏诚意药业有限公司将位于淮安市清江浦区西安南路328号所有的土地、房产、附属物装潢、附属设施、隐蔽工程、约定收购的设备(根据房地产估价报告中有评估价格一栏对应的清单确定)、绿化等交由淮安市清江浦区政府下属的淮安市清江浦区宁淮浦顺投资发展有限公司有偿回收。根据资产评估结果,协商确定收购费用总额为人民币12,698.80万元。截至本公告披露日,公司已收到宁淮浦顺支付的所有收购款11,409.8万元(已减除土地处理相关费用1,289.00万元)。截至本公告披露日,公司已配合宁淮浦顺完成不动产过户登记等手续,本次资产收储全部工作已经完成。",2025-10-14
123,605069,正和生态,股份质押,"公司股东张熠君将持有的本公司股份277万股,433万股共计710万股分2笔质押给建德市**贷款股份有限公司,质押起始日2025/10/10至解除质押登记手续之日并于2025年10月10日办理质押登记手续。",2025-10-14
124,605069,正和生态,股份质押,"公司股东张熠君将持有的本公司股份867万股质押给,并于2025年10月09日办理解押手续。",2025-10-14
125,605069,正和生态,股份质押,"公司股东张熠君将持有的本公司股份800万股质押给海宁**贷款股份有限公司,质押起始日2025/09/29至解除质押登记手续之日并于2025年09月29日办理质押登记手续。",2025-10-14
126,605196,华通线缆,对外担保,"河北华通线缆集团股份有限公司(以下简称“华通线缆”、“公司”)子公司华通国际(亚太)有限公司(以下简称“华通国际”)作为公司全资子公司,在日常经营中涉及大量外币结算,面临较大的汇率波动风险。为有效规避外汇风险,稳定子公司经营业绩,提高外汇资金使用效率,华通国际拟与银行等金融机构开展外汇业务,公司拟为华通国际开展外汇套期保值业务提供不超过1,000万美元的担保,具体的担保信息以及业务信息由公司与金融机构协商确定,并拟授权董事长或其授权人士在进行上述业务时具有审批、签署文件等权限。以上担保不涉及反担保,本次担保额度有效期为股东会审议通过之日起12个月。",2025-10-14
127,688362,甬矽电子,资产重组,"余姚市昌海建设发展有限公司(以下简称“余姚昌海”)公开挂牌出售其持有的宁波宇昌建设发展有限公司(以下简称“宁波宇昌”)100%的股权(以下简称“标的股权”),转让底价48,575万元。甬矽电子(宁波)股份有限公司(以下简称“公司”)控股子公司甬矽半导体(宁波)有限公司(以下简称“甬矽半导体”)拟参与余姚昌海所持标的股权的竞拍(以下简称“本次交易”)。如本次竞拍成功,宁波宇昌将成为公司控股子公司的全资子公司,纳入公司合并报表范围。",2025-10-14
128,688426,康为世纪,资产重组,"根据经营发展需要,江苏康为世纪生物科技股份有限公司拟在当前持有控股子公司上海昊为泰生物科技有限公司51%股权的基础上,以1,788.50万元的对价收购少数股东上海天昊生物科技有限公司持有的昊为泰49%股权,收购完成后,昊为泰将成为公司的全资子公司。",2025-10-14
129,688426,康为世纪,资产重组,"为了提升现有分子检测业务水平,并开拓新的业绩增长点。2024年10月28日,江苏康为世纪生物科技股份有限公司与上海天昊生物科技有限公司签署了《股权转让协议》,同意以自有资金出资人民币1,275万元获得天昊生物全资子公司上海昊为泰生物科技有限公司51%的股权。",2025-10-14
130,688607,康众医疗,资产重组,"江苏康众数字医疗科技股份有限公司拟使用自有资金2,000.00万元人民币以增资形式参股上海仁筵信息科技有限公司,对应上海仁筵信息科技有限公司新增注册资本24.1476万元,本次增资完成后,江苏康众数字医疗科技股份有限公司将持有上海仁筵信6.67%股权。",2025-10-14
131,688619,罗普特,对外担保,"为助力子公司业务发展,罗普特科技集团股份有限公司(以下简称“公司”)的全资子公司罗普特(上海)供应链管理有限公司拟向江苏银行股份有限公司上海黄浦支行申请不超过人民币500.00万元的流动资金贷款,公司全资子公司罗普特(上海)软件技术有限公司为该笔借款提供连带责任保证担保。",2025-10-14
132,688685,迈信林,股份质押,"公司股东白冰将持有的本公司股份265万股质押给浙江农发小额贷款股份有限公司,质押起始日2025/10/10至办理解除质押登记手续之日并于2025年10月10日办理质押登记手续。",2025-10-14
133,920090,同辉信息,股份质押,"公司股东戴福昊将持有的本公司股份300万股质押给北京溥泓投资管理有限公司,质押期限为2025年10月13日起至2026年10月13日止并于2025年10月13日办理质押登记手续。",2025-10-14
134,920405,海希通讯,资产重组,"上海海希工业通讯股份有限公司(以下简称“公司”)基于新能源及储能业务战略布局需要,公司与杭州普济企业服务合伙企业(有限合伙)共同出资设立海希(浙江)智能设备制造有限公司,注册地址为浙江省湖州市安吉县递铺街道环山路24号102室,注册资本为1,000万元人民币,公司以自有资金出资510万元,持股51%,该公司将纳入公司合并报表范围。",2025-10-14
135,920553,凯腾精工,对外担保,"北京凯腾精工制版股份有限公司(以下简称“公司”)持有长沙精达印刷制版有限公司(以下简称“长沙精达”)100%股权,长沙精达为公司全资子公司。根据经营发展需要,长沙精达拟在中国光大银行股份有限公司长沙八一路支行办理为期一年(自本次贷款放款日起计算)金额不超过人民币1,000万元(含1,000万元)的贷款,用于流动资金周转。公司为长沙精达前述贷款提供连带责任保证担保。",2025-10-14
136,920926,鸿智科技,资产重组,"基于当前国际贸易的形势,为有效化解贸易政策不稳定的风险,同时进一步开拓东南亚及全球海外市场,广东鸿智智能科技股份有限公司拟与印度尼西亚(以下简称“印尼”)本土企业PT.KUMALA LESTARI INDAH共同投资在印尼设立合资公司。",2025-10-14
